Title,Lokasi,Jumlah Kamar Tidur,Jumlah Kamar Mandi,Luas Tanah,Luas Bangunan,Car Port,Price,Timestamp
Dekat Sekolah,Makassar,4,6,451,385,2,15000000000,2025-05-15 14:01:07.354294
Dekat Tempat Ibadah,Makassar,5,5,425,368,2,10300000000,2025-05-15 14:01:07.354657
Dekat Sekolah,Makassar,4,3,180,219,1,3130000000,2025-05-15 14:01:07.355030
Siap Huni,Makassar,4,3,92,72,2,988000000,2025-05-15 14:01:07.355410
Dekat Akses Transportasi,Makassar,3,2,82,72,2,1430000000,2025-05-15 14:01:07.355772
Dekat Sekolah,Makassar,4,3,180,219,1,3140000000,2025-05-15 14:01:07.356125
Siap Huni,Makassar,4,4,198,162,0,3000000000,2025-05-15 14:01:07.356498
Dekat Sekolah,Makassar,4,4,219,180,0,3000000000,2025-05-15 14:01:07.356882
Dekat Akses Transportasi,Makassar,4,3,162,198,1,2850000000,2025-05-15 14:01:07.357270
"Rumah di Perumahan Taman Toraja, Jl. Danau Poso, Tanjung Merdeka, Tamalate, Kota Makassar, Sulawesi Selatan, Indonesia, 90225, Makassar Bagus SHM",Makassar,2,1,81,50,1,545000000,2025-05-15 14:01:07.357593
Rumah Sudut Harga Murah,Makassar,3,2,247,120,2,1500000000,2025-05-15 14:01:07.357974
Siap Huni,Makassar,5,5,500,1000,1,9750000000,2025-05-15 14:01:07.358345
Siap Huni,Makassar,1,1,600,450,1,4500000000,2025-05-15 14:01:07.358717
Bebas Banjir,Makassar,3,3,138,132,2,2800000000,2025-05-15 14:01:07.359057
Full Furnished,Makassar,7,4,450,900,0,15000000000,2025-05-15 14:01:07.359422
Dekat Akses Transportasi,Makassar,3,2,64,55,2,777000000,2025-05-15 14:01:07.359787
Bebas Banjir,Makassar,3,2,197,80,1,2020000000,2025-05-15 14:01:07.360170
Bebas Banjir,Makassar,3,2,197,80,1,2020000000,2025-05-15 14:01:07.360555
"Rumah di Kompleks Rafflesia Metro Tanjung Bunga, Jl. Metro Tanjung Bunga, Tanjung Merdeka, Tamalate, Kota Makassar, Sulawesi Selatan, Indonesia, 90225, Makassar Bagus SHM",Makassar,3,1,126,98,1,1100000000,2025-05-15 14:01:07.360920
Dekat Pusat Perbelanjaan,Makassar,4,2,84,80,2,955000000,2025-05-15 14:01:07.361281
Siap Huni,Makassar,5,2,144,144,0,1200000000,2025-05-15 14:01:09.719816
Dekat Pusat Perbelanjaan,Makassar,3,2,105,77,1,1000000000,2025-05-15 14:01:09.720179
"Dijual Cepat Rumah Di Tengah Kota Di Jl. Manggis, Makassar (cc)",Makassar,3,1,460,200,0,10000000000,2025-05-15 14:01:09.720477
Miliki Rumah Idaman di Mmm Residence Rumah Berkualitas,Makassar,2,2,84,60,1,480000000,2025-05-15 14:01:09.720821
Rumah Murah di Makasar,Makassar,2,1,60,40,0,260000000,2025-05-15 14:01:09.721134
Dekat Akses Transportasi,Makassar,3,2,82,77,0,1430000000,2025-05-15 14:01:09.721489
Siap Huni,Makassar,3,2,98,154,1,1700000000,2025-05-15 14:01:09.721821
RUMAH MEWAH MURAH,Makassar,4,3,227,400,0,4000000000,2025-05-15 14:01:09.722165
Siap Huni,Makassar,3,2,135,95,0,1500000000,2025-05-15 14:01:09.722533
Dijual Rumah Cantik 2 Lt Jl.s.saddang Baru Komp Green City 7x15m2,Makassar,3,3,95,96,0,3500000000,2025-05-15 14:01:09.722923
Jual Rumah 2 Lt Tyoe Amarilys Tanjung,Makassar,3,3,128,105,0,1750000000,2025-05-15 14:01:09.723795
Dekat Akses Transportasi,Makassar,4,2,84,75,1,1200000000,2025-05-15 14:01:09.724151
Bebas Banjir,Makassar,4,2,84,75,1,1200000000,2025-05-15 14:01:09.724766
Dekat Sekolah,Makassar,3,1,70,50,1,555000000,2025-05-15 14:01:09.725109
"Dijual Rumah Makassar sekitar jl Sungai Saddang, jl Abu Bakar Lambogo",Makassar,1,1,85,85,0,950000000,2025-05-15 14:01:09.725458
Siap Huni,Makassar,3,4,112,110,2,2200000000,2025-05-15 14:01:09.725799
Dekat Akses Transportasi,Makassar,4,4,171,144,1,3000000000,2025-05-15 14:01:09.726179
Dekat Akses Transportasi,Makassar,4,4,171,144,1,3000000000,2025-05-15 14:01:09.726528
Dekat Akses Transportasi,Makassar,4,4,171,144,1,3000000000,2025-05-15 14:01:12.078314
Full Furnished,Makassar,3,3,120,192,1,2500000000,2025-05-15 14:01:12.078661
Rumah Ready Unit 4 Kamar Tidur Luas 9x16 Di Anging Mammiri Makassar,Makassar,4,2,144,100,1,1100000000,2025-05-15 14:01:12.078957
Full Furnished,Makassar,6,3,334,600,2,5000000000,2025-05-15 14:01:12.079256
Rumah Mewah Ready Unit 11x18 Di Nuri Makassar. Free Ac 9 Unit.,Makassar,4,4,198,330,2,2700000000,2025-05-15 14:01:12.079544
Rumah 2 Lantai 3 Kamar Tidur Ukuran 8x15 Jalan Dg Tata Tengah Kota Makassar Dalam Perumahan,Makassar,3,2,120,100,1,875000000,2025-05-15 14:01:12.079847
Dekat Akses Transportasi,Makassar,4,2,75,84,1,1240000000,2025-05-15 14:01:12.080162
Dekat Akses Transportasi,Makassar,3,4,100,166,2,2210000000,2025-05-15 14:01:12.080477
Dekat Akses Transportasi,Makassar,4,4,198,141,1,2900000000,2025-05-15 14:01:12.080808
Dekat Akses Transportasi,Makassar,3,2,77,89,0,1500000000,2025-05-15 14:01:12.081136
Siap Huni,Makassar,4,4,159,300,1,2000000000,2025-05-15 14:01:12.081397
Dekat Pusat Perbelanjaan,Makassar,4,2,100,155,1,1870000000,2025-05-15 14:01:12.081700
Dekat Akses Transportasi,Makassar,3,2,60,67,0,779000000,2025-05-15 14:01:12.081993
Dekat Akses Transportasi,Makassar,1,1,39,60,0,300000000,2025-05-15 14:01:12.082287
Di.jual.rumah 1.di.jln.hertasning,Makassar,2,2,105,100,1,1750000000,2025-05-15 14:01:12.082572
Jual Rumah 2 Lt.dekt.kini.kuliner.tanjung Bunga,Makassar,3,2,180,210,1,2000000000,2025-05-15 14:01:12.082863
Subsidi,Makassar,2,2,50,57,1,765000000,2025-05-15 14:01:12.083155
Dekat Tempat Wisata,Makassar,2,3,66,84,0,998000000,2025-05-15 14:01:12.083431
Dekat Sekolah,Makassar,5,4,200,450,0,4200000000,2025-05-15 14:01:12.083726
Rumah 2 Lt Tengah Kota Dekat.kemana,Makassar,4,3,140,150,1,1000000000,2025-05-15 14:01:12.084012
Dekat Fasilitas Kesehatan,Makassar,1,1,60,25,0,370000000,2025-05-15 14:01:14.421889
Dekat Akses Transportasi,Makassar,2,2,55,64,0,800000000,2025-05-15 14:01:14.422227
RUMAH DI MAKASSAR,Makassar,4,3,300,250,0,12000000000,2025-05-15 14:01:14.422538
Siap Huni,Makassar,4,2,70,80,1,1000000000,2025-05-15 14:01:14.422831
DIJUAL Rumah griya hertamas hertasning lama dkt toddopuli 1 lantai,Makassar,2,1,112,85,1,1000000000,2025-05-15 14:01:14.423091
Dekat Sekolah,Makassar,3,2,98,88,0,1400000000,2025-05-15 14:01:14.423396
Dekat Sekolah,Makassar,3,2,98,88,0,1400000000,2025-05-15 14:01:14.423702
Bebas Banjir,Makassar,2,1,40,72,0,399000000,2025-05-15 14:01:14.424004
Subsidi,Makassar,1,2,75,173,0,3000000000,2025-05-15 14:01:14.424315
Bebas Banjir,Makassar,4,4,198,171,1,3000000000,2025-05-15 14:01:14.424649
Dekat Akses Transportasi,Makassar,3,2,75,70,1,760000000,2025-05-15 14:01:14.424952
Bebas Banjir,Makassar,4,3,150,164,2,3000000000,2025-05-15 14:01:14.425246
Siap Huni,Makassar,3,2,92,80,1,750000000,2025-05-15 14:01:14.425512
Siap Huni,Makassar,3,2,77,89,1,1400000000,2025-05-15 14:01:14.425847
Full Furnished,Makassar,4,3,144,150,0,1800000000,2025-05-15 14:01:14.426173
Rumah 2 Lantai.harga 809.juta Di Makassar,Makassar,2,2,50,58,1,809000000,2025-05-15 14:01:14.427245
Siap Huni,Makassar,6,3,180,270,1,2600000000,2025-05-15 14:01:14.427560
Dekat Pusat Perbelanjaan,Makassar,3,2,105,120,0,1200000000,2025-05-15 14:01:16.716325
Dekat Pusat Perbelanjaan,Makassar,3,2,105,120,0,1200000000,2025-05-15 14:01:16.716698
Dekat Akses Transportasi,Makassar,2,1,40,60,1,399000000,2025-05-15 14:01:16.717079
Siap Huni,Makassar,3,3,119,160,0,2500000000,2025-05-15 14:01:16.717450
Siap Huni,Makassar,3,3,119,160,0,2500000000,2025-05-15 14:01:16.717822
"Rumah Di Makassar, Citraland Tallasa City",Makassar,4,4,180,203,2,3920000000,2025-05-15 14:01:16.718198
Bebas Banjir,Makassar,2,1,72,40,0,399000000,2025-05-15 14:01:16.718544
Dekat Akses Transportasi,Makassar,3,2,60,67,0,786000000,2025-05-15 14:01:16.718906
DP 0%,Makassar,2,1,60,30,0,464000000,2025-05-15 14:01:16.719222
MUTIARA SPRINGS,Makassar,5,5,162,158,0,3280000000,2025-05-15 14:01:16.719572
Dekat Fasilitas Kesehatan,Makassar,4,3,111,140,0,2500000000,2025-05-15 14:01:16.719927
Siap Huni,Makassar,2,2,84,68,1,1200000000,2025-05-15 14:01:16.720282
Jual Rumah Jasmine Tanjung Bunga Dkt Dian Harapan Sekolah,Makassar,4,2,140,140,2,2000000000,2025-05-15 14:01:16.720581
Siap Huni,Makassar,4,3,80,260,0,2800000000,2025-05-15 14:01:16.720928
"Rumah 2 Lantai Bagus SHM di Makassar, Makassar",Makassar,3,2,70,150,0,1100000000,2025-05-15 14:01:16.721271
Rumah Bagus SHM Printis Makassar,Makassar,5,4,160,180,0,3250000000,2025-05-15 14:01:16.721668
Jual Rumah Ilma Green Residence Jl Toddopuli Raya Timur Dkt Mp,Makassar,2,1,95,50,1,1000000000,2025-05-15 14:01:16.722034
"Jual Rumah Jl Kelapa 3 Dkt Sungai Saddang , Pelita Raya , Tengah Kota",Makassar,2,2,105,50,1,750000000,2025-05-15 14:01:16.722349
Jual Rumah Samalona Tanjung Bunga Ada Kelebihan Tanah,Makassar,3,1,137,50,2,700000000,2025-05-15 14:01:16.722656
Dekat Sekolah,Makassar,5,5,180,203,0,3920000000,2025-05-15 14:01:16.723023
Siap Huni,Makassar,4,4,82,72,2,988000000,2025-05-15 14:01:19.040069
Rumah 2 Lantai Konsep Resort Lokasi Di Daya Tamalanrea,Makassar,3,3,120,105,2,1950000000,2025-05-15 14:01:19.040365
Dekat Akses Transportasi,Makassar,4,2,84,96,1,1250000000,2025-05-15 14:01:19.040669
Siap Huni,Makassar,3,2,91,75,2,1180000000,2025-05-15 14:01:19.040964
Siap Huni,Makassar,2,1,37,60,0,561000000,2025-05-15 14:01:19.041265
Full Furnished,Makassar,5,5,135,200,3,4500000000,2025-05-15 14:01:19.041566
Siap Huni,Makassar,2,2,64,55,3,774000000,2025-05-15 14:01:19.041882
Dekat Akses Transportasi,Makassar,2,1,60,37,0,554000000,2025-05-15 14:01:19.042169
Siap Huni,Makassar,4,4,219,180,2,2700000000,2025-05-15 14:01:19.042477
Dekat Sekolah,Makassar,6,4,5800,2000,0,45000000000,2025-05-15 14:01:19.042764
Siap Huni,Makassar,4,2,215,385,0,4500000000,2025-05-15 14:01:19.043784
Dekat Pusat Perbelanjaan,Makassar,3,2,87,143,1,3000000000,2025-05-15 14:01:19.044621
Dijual Cepat Rumah Tua Jl. Veteran Selatan Mks,Makassar,5,3,202,202,0,6500000000,2025-05-15 14:01:19.044878
Siap Huni,Makassar,3,2,72,90,1,935000000,2025-05-15 14:01:21.358841
Dekat Fasilitas Kesehatan,Makassar,6,6,144,315,1,4970000000,2025-05-15 14:01:21.359203
Dekat Akses Transportasi,Makassar,4,3,273,312,1,5360000000,2025-05-15 14:01:21.359563
Dekat Akses Transportasi,Makassar,3,2,55,64,1,815000000,2025-05-15 14:01:21.359911
Rumah Puri Mutiara Monginsidi,Makassar,3,4,145,165,0,4200000000,2025-05-15 14:01:21.360249
Rumah di Gunung Salahutu Makassar SHM 2 Lantai Super Strategis,Makassar,5,4,134,113,1,1100000000,2025-05-15 14:01:21.360592
Dekat Sekolah,Makassar,4,3,234,222,1,3800000000,2025-05-15 14:01:21.360947
Dekat Sekolah,Makassar,2,2,112,131,1,1700000000,2025-05-15 14:01:21.361298
Dekat Sekolah,Makassar,4,3,162,198,1,2860000000,2025-05-15 14:01:21.361712
RUMAH DAERAH POROS EKONOMI (TOTAL LAHAN 17x43),Makassar,2,1,618,209,0,13000000000,2025-05-15 14:01:21.362056
Bebas Banjir,Makassar,3,3,120,149,1,2310000000,2025-05-15 14:01:21.362422
Bebas Banjir,Makassar,3,3,109,107,1,1910000000,2025-05-15 14:01:21.362795
Siap Huni,Makassar,4,3,300,400,1,5500000000,2025-05-15 14:01:21.363685
Dekat Akses Transportasi,Makassar,2,1,60,48,2,550000000,2025-05-15 14:01:21.364041
Bebas Banjir,Makassar,3,2,150,120,1,1300000000,2025-05-15 14:01:21.364403
Dekat Sekolah,Makassar,2,1,75,53,0,330000000,2025-05-15 14:01:21.365083
Dekat Pusat Perbelanjaan,Makassar,4,4,133,182,0,2000000000,2025-05-15 14:01:21.365445
Dekat Sekolah,Makassar,6,4,135,150,0,1200000000,2025-05-15 14:01:23.741934
Dekat Sekolah,Makassar,4,4,1225,500,0,45000000000,2025-05-15 14:01:23.742225
Dekat Sekolah,Makassar,80,80,1574,2500,0,22000000000,2025-05-15 14:01:23.742508
Dekat Sekolah,Makassar,4,6,650,154,0,5000000000,2025-05-15 14:01:23.742802
Siap Huni,Makassar,2,1,81,81,1,545000000,2025-05-15 14:01:23.743113
Jual Rumah 1 Lt Tanjung Bunga Inc Perabot,Makassar,2,1,105,77,0,800000000,2025-05-15 14:01:23.743360
Dijual Rumah Di Tengah Kota Kondisi Perlu Renov Terletak Tengah Kota Masuk Lr.,Makassar,3,1,107,88,0,850000000,2025-05-15 14:01:23.743635
Dekat Akses Transportasi,Makassar,2,1,60,37,2,516000000,2025-05-15 14:01:23.743941
Dekat Akses Transportasi,Makassar,2,1,60,37,2,554000000,2025-05-15 14:01:23.744229
Dekat Akses Transportasi,Makassar,2,1,79,45,0,300000000,2025-05-15 14:01:23.744522
"Rumah di Komplek Graha Satelit, Jl. Sultan Hasanuddin, Pandang Pandang, Somba Opu, Gowa, Sulawesi Selatan, Indonesia, 92115, Makassar Bagus SHM",Makassar,4,3,120,140,1,1200000000,2025-05-15 14:01:23.744769
"Rumah Bagus di Komplek Graha Satelit, Jl. Sultan Hasanuddin, Pandang Pandang, Somba Opu, Gowa, Sulawesi Selatan, Indonesia, 92115, Makassar SHM",Makassar,4,3,180,120,1,1200000000,2025-05-15 14:01:23.745032
Dekat Sekolah,Makassar,4,3,100,90,2,1140000000,2025-05-15 14:01:23.745330
New Launching Hunian Estetik di Kota Daeng Ayana Park,Makassar,2,1,72,40,1,399000000,2025-05-15 14:01:23.745618
Rumah Pettarani Makassar,Makassar,5,5,180,234,1,2500000000,2025-05-15 14:01:23.745970
Siap Huni,Makassar,3,3,78,93,0,1500000000,2025-05-15 14:01:23.746271
Siap Huni,Makassar,4,3,180,191,1,3250000000,2025-05-15 14:01:23.746574
Bebas Banjir,Makassar,4,3,115,120,2,1990000000,2025-05-15 14:01:23.746886
Bebas Banjir,Makassar,4,3,120,240,1,1700000000,2025-05-15 14:01:23.747176
Dekat Akses Transportasi,Makassar,1,1,39,60,0,300000000,2025-05-15 14:01:23.747464
Dekat Akses Transportasi,Makassar,3,2,60,67,1,749000000,2025-05-15 14:01:26.078429
Subsidi,Makassar,3,3,116,160,2,1680000000,2025-05-15 14:01:26.078838
Siap Huni,Makassar,2,1,90,47,2,700000000,2025-05-15 14:01:26.079221
Siap Huni,Makassar,5,4,180,170,2,1950000000,2025-05-15 14:01:26.079571
Siap Huni,Makassar,2,1,90,45,1,581000000,2025-05-15 14:01:26.079907
Siap Huni,Makassar,3,2,72,144,0,2560000000,2025-05-15 14:01:26.080240
Dekat Sekolah,Makassar,4,2,84,96,1,1500000000,2025-05-15 14:01:26.080569
Rumah 2 Lantai Type Terbaru Desain Mewah Klasik di Makassar,Makassar,4,4,252,235,2,4800000000,2025-05-15 14:01:26.080892
Dekat Akses Transportasi,Makassar,2,1,60,37,1,500000000,2025-05-15 14:01:26.081191
Jual Rumah 2 Lt Di Tengah Kota,Makassar,4,2,182,280,1,1600000000,2025-05-15 14:01:26.081484
Siap Huni,Makassar,4,3,102,204,1,1150000000,2025-05-15 14:01:26.081773
Siap Huni,Makassar,5,4,252,267,2,4600000000,2025-05-15 14:01:26.082055
"Rumah 2 Lantai, Citraland Celebes Makassar, SHM, Kondisi sangat Bagus",Makassar,3,3,16200,13000,2,3150000000,2025-05-15 14:01:26.082342
Siap Huni,Makassar,4,4,200,340,0,3600000000,2025-05-15 14:01:26.082645
Siap Huni,Makassar,3,2,112,100,1,1700000000,2025-05-15 14:01:26.082897
Dekat Sekolah,Makassar,3,2,68,84,2,968000000,2025-05-15 14:01:26.083199
Bebas Banjir,Makassar,2,1,40,72,0,399000000,2025-05-15 14:01:26.083490
Bebas Banjir,Makassar,2,1,72,40,0,399000000,2025-05-15 14:01:26.083785
Bebas Banjir,Makassar,5,3,100,90,0,950000000,2025-05-15 14:01:26.084070
Siap Huni,Makassar,4,3,115,100,1,1350000000,2025-05-15 14:01:26.084364
Jual Rumah Murah Tengah Kota Makassar,Makassar,2,1,140,120,1,800000000,2025-05-15 14:01:28.395776
Rumah 2 Lantai Type Klasik Modern di Makassar,Makassar,4,3,180,219,2,3000000000,2025-05-15 14:01:28.396093
Dekat Sekolah,Makassar,4,4,120,120,2,3900000000,2025-05-15 14:01:28.396406
Siap Huni,Makassar,4,2,72,74,0,1100000000,2025-05-15 14:01:28.396707
Siap Huni,Makassar,4,2,72,74,0,1100000000,2025-05-15 14:01:28.397010
Bebas Banjir,Makassar,2,1,40,72,1,399000000,2025-05-15 14:01:28.397323
"Rumah di Sekitar Jl Veteran, Jl Sungai Saddang, Rappocini
, Makassar",Makassar,5,4,124,200,1,1800000000,2025-05-15 14:01:28.397616
Siap Huni,Makassar,4,2,72,74,0,1100000000,2025-05-15 14:01:28.397910
Siap Huni,Makassar,4,2,72,74,0,1100000000,2025-05-15 14:01:28.398208
Dekat Akses Transportasi,Makassar,3,2,67,60,1,700000000,2025-05-15 14:01:28.398508
Dekat Sekolah,Makassar,4,2,84,96,2,1500000000,2025-05-15 14:01:28.398812
Dekat Sekolah,Makassar,4,3,180,219,2,3300000000,2025-05-15 14:01:28.399115
Dekat Sekolah,Makassar,3,3,144,163,1,2500000000,2025-05-15 14:01:28.399410
Dijual Rumah 1 1/2 Murah Aman Dan Nyaman,Makassar,4,2,98,80,0,1550000000,2025-05-15 14:01:28.399659
Dijual Rumah 2 1/2 Murah Aman Dan Nyaman,Makassar,4,3,150,100,0,1400000000,2025-05-15 14:01:28.399906
Dekat Sekolah,Makassar,5,5,180,203,0,3920000000,2025-05-15 14:01:28.400191
Siap Huni,Makassar,6,6,144,315,2,4970000000,2025-05-15 14:01:28.400489
Rumah Mewah 2 Lantai Posisi Sudut Di Citraland Celebes Hertasning,Makassar,5,4,212,168,2,3990000000,2025-05-15 14:01:28.400791
Siap Huni,Makassar,4,4,219,180,0,3000000000,2025-05-15 14:01:28.401082
Dekat Akses Transportasi,Makassar,3,2,67,60,1,788000000,2025-05-15 14:01:28.401369
Dekat Akses Transportasi,Makassar,3,1,60,48,2,615000000,2025-05-15 14:01:30.731357
Dekat Akses Transportasi,Makassar,3,3,91,84,0,1200000000,2025-05-15 14:01:30.731727
Dekat Sekolah,Makassar,4,4,219,180,0,3000000000,2025-05-15 14:01:30.732089
Siap Huni,Makassar,3,2,60,67,2,786000000,2025-05-15 14:01:30.732466
Siap Huni,Makassar,3,1,48,60,1,627000000,2025-05-15 14:01:30.732828
Siap Huni,Makassar,2,1,37,60,1,560000000,2025-05-15 14:01:30.733180
Siap Huni,Makassar,5,5,615,484,0,17500000000,2025-05-15 14:01:30.733811
Rumah Murah Dan Mewah 900 Jutaan 4 Kamar The Harvest,Makassar,4,3,72,80,0,988000000,2025-05-15 14:01:30.734140
Siap Huni,Makassar,4,3,72,82,3,988000000,2025-05-15 14:01:30.734785
Siap Huni,Makassar,3,3,84,91,3,1200000000,2025-05-15 14:01:30.735162
Siap Huni,Makassar,3,2,64,55,0,777000000,2025-05-15 14:01:30.735526
Dekat Akses Transportasi,Makassar,3,1,48,60,0,615000000,2025-05-15 14:01:30.735906
Siap Huni,Makassar,1,2,346,340,0,9000000000,2025-05-15 14:01:30.736269
Dekat Akses Transportasi,Makassar,3,1,60,48,0,615000000,2025-05-15 14:01:30.736614
Dijual Rumah Baru 1 Lantai Tipe 54/90 Nyaman,Makassar,2,2,90,54,0,475000000,2025-05-15 14:01:30.736950
Subsidi,Makassar,3,3,101,90,2,1600000000,2025-05-15 14:01:30.737314
Dekat Sekolah,Makassar,3,2,89,77,1,1500000000,2025-05-15 14:01:30.737657
Siap Huni,Makassar,3,3,300,270,1,4250000000,2025-05-15 14:01:33.041794
Siap Huni,Makassar,7,5,330,273,1,2600000000,2025-05-15 14:01:33.042507
Dekat Pusat Perbelanjaan,Makassar,4,3,144,210,0,3800000000,2025-05-15 14:01:33.043093
Siap Huni,Makassar,3,2,120,80,0,1100000000,2025-05-15 14:01:33.043449
Siap Huni,Makassar,4,3,791,350,1,8500000000,2025-05-15 14:01:33.043745
Siap Huni,Makassar,4,3,300,400,1,5500000000,2025-05-15 14:01:33.044074
Siap Huni,Makassar,3,3,163,122,0,2200000000,2025-05-15 14:01:33.044348
Siap Huni,Makassar,3,1,142,70,0,1000000000,2025-05-15 14:01:33.044694
Rumah kost tengah kota lokasi strategis,Makassar,10,12,300,225,0,5500000000,2025-05-15 14:01:33.045039
Rumah di hertasning baru perumahan royal spring,Makassar,2,1,105,56,0,750000000,2025-05-15 14:01:33.045319
Jual Rumah Cantik 2 Lt Type Mahogani Tanjung Bunga 10x20m2,Makassar,3,3,200,185,0,3250000000,2025-05-15 14:01:33.046564
Jual Rumah,Makassar,3,2,300,185,0,12000000000,2025-05-15 14:01:33.046841
Dekat Fasilitas Kesehatan,Makassar,5,2,150,49,0,2500000000,2025-05-15 14:01:33.047157
Siap Huni,Makassar,4,2,172,120,0,1400000000,2025-05-15 14:01:33.047462
Jual Rumah 2 Lt Jl.timah 4,Makassar,3,2,140,108,0,2300000000,2025-05-15 14:01:33.047723
Jual Rumah Komp Mawar Jl.penganyoman,Makassar,2,1,72,58,0,1200000000,2025-05-15 14:01:33.048017
Dekat Sekolah,Makassar,2,1,72,42,1,400000000,2025-05-15 14:01:35.351032
Jual Rumahmewah 2 Lt,Makassar,4,3,145,125,0,4250000000,2025-05-15 14:01:35.351538
Bebas Banjir,Makassar,4,5,360,700,0,7500000000,2025-05-15 14:01:35.352528
Dekat Sekolah,Makassar,3,2,84,96,2,1380000000,2025-05-15 14:01:35.354134
Dekat Akses Transportasi,Makassar,4,3,273,312,1,5370000000,2025-05-15 14:01:35.354433
Siap Huni,Makassar,2,1,78,36,1,490000000,2025-05-15 14:01:37.655780
Siap Huni,Makassar,5,4,120,170,2,1500000000,2025-05-15 14:01:37.656187
Dekat Sekolah,Makassar,3,3,234,222,1,3670000000,2025-05-15 14:01:37.656523
Dekat Sekolah,Makassar,2,2,1150,1000,0,53000000000,2025-05-15 14:01:37.656854
Siap Huni,Makassar,5,3,225,225,1,2300000000,2025-05-15 14:01:37.657192
Dekat Sekolah,Makassar,4,3,234,222,1,3800000000,2025-05-15 14:01:37.657509
Dekat Sekolah,Makassar,4,4,180,219,1,3150000000,2025-05-15 14:01:37.658059
Full Furnished,Makassar,4,3,135,270,1,2800000000,2025-05-15 14:01:37.658391
Dekat Sekolah,Makassar,4,3,162,198,1,2850000000,2025-05-15 14:01:37.658724
Bebas Banjir,Makassar,3,3,120,120,1,2100000000,2025-05-15 14:01:37.659060
Bebas Banjir,Makassar,2,1,72,36,1,807000000,2025-05-15 14:01:37.659387
Bebas Banjir,Makassar,3,2,90,61,1,1240000000,2025-05-15 14:01:37.659707
Puri Taman sari Toddopuli Makassar,Makassar,2,1,119,36,1,550000000,2025-05-15 14:01:37.660026
Bebas Banjir,Makassar,3,2,60,70,1,950000000,2025-05-15 14:01:37.660350
Dekat Sekolah,Makassar,5,7,760,1000,0,13500000000,2025-05-15 14:01:37.661210
Dekat Sekolah,Makassar,5,4,200,400,0,4900000000,2025-05-15 14:01:37.661523
Dekat Sekolah,Makassar,5,5,240,400,0,5000000000,2025-05-15 14:01:39.984722
Dekat Sekolah,Makassar,4,4,150,250,0,2100000000,2025-05-15 14:01:39.985049
Dekat Tempat Wisata,Makassar,4,4,320,500,0,4000000000,2025-05-15 14:01:39.985411
"Dijual Rumah Tinggal 2 Lantai di Citraland Celebes, Kota Makassar",Makassar,5,4,370,245,6,4500000000,2025-05-15 14:01:39.985770
Full Furnished,Makassar,4,5,200,200,2,8000000000,2025-05-15 14:01:39.986094
DP 0%,Makassar,3,2,80,72,1,865000000,2025-05-15 14:01:39.986435
Dijual Rumah Tua 1 Lantai Jl Sangir Lorong Makassar,Makassar,3,2,107,88,0,800000000,2025-05-15 14:01:39.986701
Bebas Banjir,Makassar,3,3,90,85,2,900000000,2025-05-15 14:01:39.987037
Siap Huni,Makassar,4,3,156,135,1,1750000000,2025-05-15 14:01:39.987374
Full Furnished,Makassar,3,2,135,120,1,1600000000,2025-05-15 14:01:39.987669
"Rumah Bagus SHM di Citraland Tallasa City Makassar, Jl. Jalur Lingkar Barat, Kapasa, Tamalanrea, Kota Makassar, Sulawesi Selatan, Indonesia, 90241, Makassar",Makassar,5,4,300,267,1,6500000000,2025-05-15 14:01:39.987947
Siap Huni,Makassar,2,2,73,45,2,670000000,2025-05-15 14:01:39.988271
Full Furnished,Makassar,5,5,119,200,2,4200000000,2025-05-15 14:01:39.988591
Siap Huni,Makassar,5,5,162,200,2,6500000000,2025-05-15 14:01:39.989086
Siap Huni,Makassar,3,2,75,70,1,850000000,2025-05-15 14:01:39.989651
Full Furnished,Makassar,5,5,211,208,2,2500000000,2025-05-15 14:01:39.990010
Rumah Bagus Di Grand Orchard di Makassar SHM,Makassar,3,2,105,140,2,1500000000,2025-05-15 14:01:39.990295
Rumah Pusat Kota Gunung Nona Makassar,Makassar,3,2,260,150,1,4000000000,2025-05-15 14:01:39.990621
Siap Huni,Makassar,2,2,70,75,1,850000000,2025-05-15 14:01:39.991178
Rumah 2lantai Shm Jl Balana Makassar,Makassar,4,2,162,400,2,2000000000,2025-05-15 14:01:39.991480
Dijual Runah 2 Lt Siap.huni.jl.comgajah,Makassar,4,4,200,245,1,5000000000,2025-05-15 14:01:42.400787
Dijual Rumah Siap.pakai.mrwah Di Jl.cepa,Makassar,5,4,251,535,1,4500000000,2025-05-15 14:01:42.401044
RUMAH ANGING MAMMIRI HERTASNING LAMA. 9x16. POSISI DEPAN TAMAN. 4 KAMAR TIDUR.,Makassar,4,2,144,70,1,1100000000,2025-05-15 14:01:42.401339
Dekat Akses Transportasi,Makassar,4,2,75,84,1,1200000000,2025-05-15 14:01:42.401646
Dekat Sekolah,Makassar,4,2,75,84,1,1200000000,2025-05-15 14:01:42.401955
Dijual Rumah Mewah Di Grand City Jl Veteran Selatan Makassar,Makassar,4,4,200,600,0,8000000000,2025-05-15 14:01:42.402202
Full Furnished,Makassar,5,4,208,250,2,2800000000,2025-05-15 14:01:42.402502
Siap Huni,Makassar,4,3,198,250,2,2700000000,2025-05-15 14:01:42.402798
Dekat Sekolah,Makassar,2,2,1150,1000,0,53000000000,2025-05-15 14:01:42.403095
Siap Huni,Makassar,3,3,105,100,1,900000000,2025-05-15 14:01:42.403397
Siap Huni,Makassar,2,1,90,47,1,700000000,2025-05-15 14:01:42.403732
Siap Huni,Makassar,7,4,216,231,1,4000000000,2025-05-15 14:01:42.404042
Dekat Fasilitas Kesehatan,Makassar,2,2,126,70,0,2400000000,2025-05-15 14:01:42.404339
Bebas Banjir,Makassar,3,3,160,103,1,2300000000,2025-05-15 14:01:42.404643
Bebas Banjir,Makassar,3,3,115,120,2,1990000000,2025-05-15 14:01:42.404946
Bebas Banjir,Makassar,6,6,800,320,0,8500000000,2025-05-15 14:01:42.405244
Bebas Banjir,Makassar,4,3,153,155,2,1800000000,2025-05-15 14:01:42.405554
Bebas Banjir,Makassar,4,2,105,154,0,1150000000,2025-05-15 14:01:42.405867
Bebas Banjir,Makassar,6,3,600,350,2,5500000000,2025-05-15 14:01:42.406219
Subsidi,Makassar,2,2,60,70,1,974000000,2025-05-15 14:01:42.406598
Siap Huni,Makassar,2,2,78,45,1,500000000,2025-05-15 14:01:44.716160
Bebas Banjir,Makassar,3,3,112,270,3,2000000000,2025-05-15 14:01:44.716479
Bebas Banjir,Makassar,5,5,480,690,2,20000000000,2025-05-15 14:01:44.716809
Dekat Fasilitas Kesehatan,Makassar,3,2,87,143,0,2000000000,2025-05-15 14:01:44.717077
Bebas Banjir,Makassar,7,4,369,400,1,2500000000,2025-05-15 14:01:44.717394
Bebas Banjir,Makassar,3,2,120,68,1,1200000000,2025-05-15 14:01:44.717696
Dijual Rumah Tua 1/2 Lt Murah Jalan Harimau Makassar,Makassar,3,1,99,85,1,950000000,2025-05-15 14:01:44.717967
Dekat Pusat Perbelanjaan,Makassar,8,8,452,600,0,6800000000,2025-05-15 14:01:44.718273
Siap Huni,Makassar,3,2,78,120,0,1600000000,2025-05-15 14:01:44.718567
Siap Huni,Makassar,3,2,78,120,0,1600000000,2025-05-15 14:01:44.718898
Siap Huni,Makassar,5,5,240,200,0,2300000000,2025-05-15 14:01:44.719202
Bebas Banjir,Makassar,3,2,135,200,1,1300000000,2025-05-15 14:01:44.719500
Siap Huni,Makassar,4,4,200,340,0,3600000000,2025-05-15 14:01:44.719811
JUAL Rumah grand orchard tanjung bunga belakangnya dian harapan school,Makassar,2,1,120,50,1,800000000,2025-05-15 14:01:44.720065
"Dijual Rumah 2 Lantai Termurah Dalam Kota, Parkiran Bisa Muat 5 Mobil",Makassar,3,2,135,88,1,975000000,2025-05-15 14:01:44.720368
DIJUAL RUMAH DI JALAN BESAR COCOK BUAT USAHA,Makassar,5,2,190,150,0,2800000000,2025-05-15 14:01:44.720660
JUAL Rumah taman metropolitan tanjung bunga lengkap perabot,Makassar,3,2,90,120,1,750000000,2025-05-15 14:01:44.720923
Dijual Rumah 1 Lt,Makassar,3,1,120,85,1,1300000000,2025-05-15 14:01:44.721181
Dekat Sekolah,Makassar,3,2,77,89,2,1300000000,2025-05-15 14:01:44.721725
Siap Huni,Makassar,2,1,82,104,0,1400000000,2025-05-15 14:01:47.046425
Siap Huni,Makassar,3,2,112,130,0,950000000,2025-05-15 14:01:47.046746
Dekat Pusat Perbelanjaan,Makassar,5,3,415,387,0,5000000000,2025-05-15 14:01:47.047054
Siap Huni,Makassar,3,3,119,160,0,2500000000,2025-05-15 14:01:47.047370
Siap Huni,Makassar,3,3,119,160,0,2500000000,2025-05-15 14:01:47.047681
Dekat Sekolah,Makassar,4,5,274,550,0,7500000000,2025-05-15 14:01:47.047991
Dekat Sekolah,Makassar,2,1,120,160,0,1200000000,2025-05-15 14:01:47.048276
Dekat Tempat Ibadah,Makassar,5,5,300,368,3,7360000000,2025-05-15 14:01:47.048580
Dekat Pusat Perbelanjaan,Makassar,3,2,105,120,0,1250000000,2025-05-15 14:01:47.048872
Dekat Pusat Perbelanjaan,Makassar,3,2,105,120,0,1250000000,2025-05-15 14:01:47.049134
"Rumah 2 Lantai, Poros Utama Citra Garden Citraland",Makassar,3,3,120,91,2,1480000000,2025-05-15 14:01:47.049429
Dekat Sekolah,Makassar,4,4,252,235,2,4890000000,2025-05-15 14:01:47.049742
Dekat Sekolah,Makassar,3,2,90,73,2,1270000000,2025-05-15 14:01:47.050054
Dekat Pusat Perbelanjaan,Makassar,3,2,65,55,0,650000000,2025-05-15 14:01:47.050347
Dekat Pusat Perbelanjaan,Makassar,3,2,90,120,0,1250000000,2025-05-15 14:01:47.050603
Rumah Murah 2 Lantai Tengah Kota Dengan Konsep Modern,Makassar,4,4,99,110,1,1870000000,2025-05-15 14:01:47.050925
Siap Huni,Makassar,4,3,76,130,2,1450000000,2025-05-15 14:01:47.051190
Subsidi,Makassar,4,4,84,75,2,1170000000,2025-05-15 14:01:47.051759
Dekat Pusat Perbelanjaan,Makassar,2,1,72,45,0,400000000,2025-05-15 14:01:47.052102
Dekat Pusat Perbelanjaan,Makassar,2,1,72,72,0,650000000,2025-05-15 14:01:49.386063
Subsidi,Makassar,3,3,72,60,1,979000000,2025-05-15 14:01:49.386420
Subsidi,Makassar,2,2,60,50,1,798000000,2025-05-15 14:01:49.386763
Rumah Dijual Di Makassar 2 Lantai Di Pettarani,Makassar,5,5,180,300,2,2700000000,2025-05-15 14:01:49.387093
Siap Huni,Makassar,3,2,67,60,2,786000000,2025-05-15 14:01:49.387447
Dekat Sekolah,Makassar,5,5,180,203,0,3920000000,2025-05-15 14:01:49.387780
Siap Huni,Makassar,3,2,67,60,0,786000000,2025-05-15 14:01:49.388143
Siap Huni,Makassar,3,2,86,55,0,800000000,2025-05-15 14:01:49.388513
Dekat Akses Transportasi,Makassar,3,3,84,91,2,1200000000,2025-05-15 14:01:49.388895
Siap Huni,Makassar,2,1,38,60,1,560000000,2025-05-15 14:01:49.389493
Siap Huni,Makassar,4,3,72,82,2,988000000,2025-05-15 14:01:49.389905
Siap Huni,Makassar,3,2,78,63,2,999000000,2025-05-15 14:01:49.390262
DP 0%,Makassar,3,3,72,90,2,1650000000,2025-05-15 14:01:49.390764
Dekat Akses Transportasi,Makassar,2,2,50,58,1,749000000,2025-05-15 14:01:49.391133
Dekat Akses Transportasi,Makassar,3,3,84,91,2,1200000000,2025-05-15 14:01:49.391539
Siap Huni,Makassar,4,4,72,82,2,988000000,2025-05-15 14:01:49.391893
Dekat Akses Transportasi,Makassar,2,1,37,60,0,560000000,2025-05-15 14:01:49.392225
Dekat Akses Transportasi,Makassar,3,1,48,60,0,621000000,2025-05-15 14:01:49.392551
Dekat Fasilitas Kesehatan,Makassar,4,3,115,120,2,1990000000,2025-05-15 14:01:49.392879
Dekat Fasilitas Kesehatan,Makassar,6,4,255,374,0,3500000000,2025-05-15 14:01:49.393188
Dekat Akses Transportasi,Makassar,3,2,60,67,0,787000000,2025-05-15 14:01:51.691870
Siap Huni,Makassar,4,3,72,82,2,988000000,2025-05-15 14:01:51.692239
Siap Huni,Makassar,4,3,82,72,0,900000000,2025-05-15 14:01:51.692590
Siap Huni,Makassar,4,3,82,72,1,900000000,2025-05-15 14:01:51.692940
Dekat Akses Transportasi,Makassar,3,2,64,55,1,777000000,2025-05-15 14:01:51.693591
Dijual Rumah 1 Lt Jl.timah Lt.15x20m2 Ada 4 K.t Dan 4k.m Info Hub 085100065xxx,Makassar,4,3,300,158,0,4250000000,2025-05-15 14:01:51.693879
Siap Huni,Makassar,4,3,232,116,1,900000000,2025-05-15 14:01:51.694208
Jual Rumah Cantik 2 Lt,Makassar,4,4,172,105,0,3250000000,2025-05-15 14:01:51.695764
Jual Rumah Cantik  1 Lt Di Orcharf,Makassar,3,2,150,90,0,1350000000,2025-05-15 14:01:51.696045
Dekat Pusat Perbelanjaan,Makassar,3,2,150,105,1,2500000000,2025-05-15 14:01:51.697297
Dekat Akses Transportasi,Makassar,3,2,60,67,1,779000000,2025-05-15 14:01:54.019530
Dekat Pusat Perbelanjaan,Makassar,8,5,300,600,0,4000000000,2025-05-15 14:01:54.019889
Dekat Akses Transportasi,Makassar,4,4,144,171,3,3200000000,2025-05-15 14:01:54.020256
Dekat Sekolah,Makassar,2,2,88,55,1,815000000,2025-05-15 14:01:54.020611
Dekat Akses Transportasi,Makassar,3,3,65,95,1,815000000,2025-05-15 14:01:54.020988
Siap Huni,Makassar,3,3,96,192,0,1500000000,2025-05-15 14:01:54.021345
Siap Huni,Makassar,4,3,196,150,0,1200000000,2025-05-15 14:01:54.021703
Full Furnished,Makassar,11,9,1217,980,0,22500000000,2025-05-15 14:01:54.022060
Dekat Sekolah,Makassar,3,2,55,64,1,808000000,2025-05-15 14:01:54.022418
Bebas Banjir,Makassar,3,3,120,120,1,2100000000,2025-05-15 14:01:54.022788
Bebas Banjir,Makassar,4,3,135,162,1,2560000000,2025-05-15 14:01:54.023163
Siap Huni,Makassar,2,1,120,70,1,1480000000,2025-05-15 14:01:54.023532
Bebas Banjir,Makassar,4,3,135,148,1,2420000000,2025-05-15 14:01:54.023897
Dekat Sekolah,Makassar,3,2,72,80,1,825000000,2025-05-15 14:01:54.024253
Full Furnished,Makassar,3,1,105,70,1,950000000,2025-05-15 14:01:54.024609
Bebas Banjir,Makassar,3,3,187,160,2,1200000000,2025-05-15 14:01:54.024979
Siap Huni,Makassar,2,1,90,50,1,555000000,2025-05-15 14:01:54.025337
"Kavling Rumah Tua Jalan Tupai Makassar. Strategis Tengah Kota. Luas 135. 11,6 X 11,7 . Shm.",Makassar,1,1,135,70,1,1280000000,2025-05-15 14:01:54.025684
Subsidi,Makassar,3,3,120,100,1,1330000000,2025-05-15 14:01:54.026051
Dekat Tempat Wisata,Makassar,7,4,461,318,0,8000000000,2025-05-15 14:01:56.408141
Siap Huni,Makassar,3,3,200,209,2,4250000000,2025-05-15 14:01:56.408463
Siap Huni,Makassar,2,1,77,50,1,344000000,2025-05-15 14:01:56.408775
Siap Huni,Makassar,4,3,320,450,2,2700000000,2025-05-15 14:01:56.409083
Subsidi,Makassar,200,100,22000,10000,0,83000000000,2025-05-15 14:01:56.409373
Dekat Sekolah,Makassar,5,4,200,500,0,4500000000,2025-05-15 14:01:56.409666
Dekat Sekolah,Makassar,6,4,112,160,0,2500000000,2025-05-15 14:01:56.409966
Dekat Sekolah,Makassar,64,64,1323,4000,0,33000000000,2025-05-15 14:01:56.410261
Hunian Modern,Makassar,5,4,216,242,1,3750000000,2025-05-15 14:01:56.410558
Dekat Area Perkantoran & Kuliner,Makassar,4,3,194,150,1,2500000000,2025-05-15 14:01:56.410830
Rumah Jl Athira 1 Makassar Bagus Shm,Makassar,6,3,250,450,1,4000000000,2025-05-15 14:01:56.411115
DP 0%,Makassar,3,2,80,72,1,865000000,2025-05-15 14:01:56.411428
Dekat Sekolah,Makassar,4,5,169,490,0,6000000000,2025-05-15 14:01:56.411724
Bebas Banjir,Makassar,5,2,144,160,0,3700000000,2025-05-15 14:01:56.412461
Bebas Banjir,Makassar,2,1,40,72,0,399000000,2025-05-15 14:01:56.412755
Bebas Banjir,Makassar,2,1,40,72,0,399000000,2025-05-15 14:01:56.413051
"Dijual Rumah Makassar sekitar jl. Hertasning, jl. Tamalate, jl. Skarda",Makassar,4,2,96,96,0,680000000,2025-05-15 14:01:56.413346
Rumah Cantik Makassar Lokasi Strategis Pusat Kota Baru,Makassar,4,2,75,84,1,1200000000,2025-05-15 14:01:56.413653
DP 0%,Makassar,3,3,120,91,2,1500000000,2025-05-15 14:01:56.413964
Siap Huni,Makassar,2,1,72,43,0,650000000,2025-05-15 14:01:58.707147
Rumah Super Mewah  Di Makassar,Makassar,6,5,1217,980,2,20000000000,2025-05-15 14:01:58.707467
Dekat Sekolah,Makassar,3,4,151,179,1,1200000000,2025-05-15 14:01:58.707813
Dekat Sekolah,Makassar,3,4,151,179,1,1200000000,2025-05-15 14:01:58.708150
Bebas Banjir,Makassar,4,3,85,128,1,1200000000,2025-05-15 14:01:58.708605
Jual Rumah Tanjung Bunga Cluster Taman.kayangan,Makassar,3,2,93,70,0,775000000,2025-05-15 14:01:58.708963
Siap Huni,Makassar,4,4,170,165,1,1600000000,2025-05-15 14:01:58.709234
Full Furnished,Makassar,4,4,140,120,1,2500000000,2025-05-15 14:01:58.709533
Full Furnished,Makassar,2,1,81,81,0,700000000,2025-05-15 14:01:58.709845
Siap Huni,Makassar,3,2,120,65,1,1250000000,2025-05-15 14:01:58.710107
Siap Huni,Makassar,2,4,120,96,1,2100000000,2025-05-15 14:01:58.710368
Siap Huni,Makassar,4,2,327,300,2,2000000000,2025-05-15 14:01:58.710623
Siap Huni,Makassar,3,2,75,65,1,800000000,2025-05-15 14:01:58.710954
Bebas Banjir,Makassar,6,3,800,840,1,4099999999,2025-05-15 14:01:58.711266
Siap Huni,Makassar,5,4,220,300,1,2500000000,2025-05-15 14:01:58.711583
Dekat Sekolah,Makassar,4,4,200,185,1,4900000000,2025-05-15 14:01:58.711851
Dijual Rumah Cantik 2 Lt,Makassar,4,3,258,185,0,4500000000,2025-05-15 14:01:58.712131
Dijual Rumah di Jalan Sultan Alauddin,Makassar,10,7,1200,800,3,17000000000,2025-05-15 14:01:58.712390
Dijual Rumah di Jalan Sultan Alauddin,Makassar,10,7,1200,800,4,17000000000,2025-05-15 14:01:58.712660
"Jual Murah, Rumah Mewah 2 Lantai Di Jl Domba Makassar",Makassar,7,5,330,220,0,2500000000,2025-05-15 14:01:58.712920
DIJUAL RUMAH MEWAH JALAN SUNU 3. LUAS 850 M2. 4 KAMAR TIDUR. COCOK KANTOR DAN HUNIAN,Makassar,5,4,880,1000,4,11000000000,2025-05-15 14:02:01.025028
Dekat Akses Transportasi,Makassar,2,1,60,36,0,799000000,2025-05-15 14:02:01.025388
Dekat Fasilitas Kesehatan,Makassar,5,2,150,49,0,2500000000,2025-05-15 14:02:01.025735
Dekat Sekolah,Makassar,3,3,84,91,1,1200000000,2025-05-15 14:02:01.026055
Bebas Banjir,Makassar,2,1,40,72,1,399000000,2025-05-15 14:02:01.026384
La Grande Citraland Celebes Hertasning,Makassar,4,5,300,289,2,7060000000,2025-05-15 14:02:01.027043
Dekat Akses Transportasi,Makassar,5,4,180,219,2,3270000000,2025-05-15 14:02:01.027394
Dekat Akses Transportasi,Makassar,4,4,162,198,1,2950000000,2025-05-15 14:02:01.027729
Dekat Akses Transportasi,Makassar,4,3,72,82,1,998000000,2025-05-15 14:02:01.028076
Dekat Sekolah,Makassar,3,1,78,50,1,599000000,2025-05-15 14:02:01.028406
Rumah 2 Lantai Konsep Rumah Jepang di Makassar,Makassar,4,3,250,312,2,3500000000,2025-05-15 14:02:01.028725
Dekat Sekolah,Makassar,4,2,85,96,1,1290000000,2025-05-15 14:02:01.029045
Dekat Sekolah,Makassar,3,3,70,100,1,1000000000,2025-05-15 14:02:01.029356
Dekat Pusat Perbelanjaan,Makassar,5,4,240,312,2,6110000000,2025-05-15 14:02:01.029664
Siap Huni,Makassar,4,3,180,220,2,3840000000,2025-05-15 14:02:01.029974
Full Furnished,Makassar,4,3,90,70,2,1160000000,2025-05-15 14:02:01.030279
Dekat Pusat Perbelanjaan,Makassar,3,2,60,120,0,1500000000,2025-05-15 14:02:01.030553
Siap Huni,Makassar,3,1,140,185,0,1300000000,2025-05-15 14:02:01.030863
Bebas Banjir,Makassar,5,5,203,180,2,3900000000,2025-05-15 14:02:01.031157
Rumah Strategis Makassar Pusat Belanja Dan Kota Fasilitas Lengkap,Makassar,3,3,91,84,2,1200000000,2025-05-15 14:02:01.031447
Dekat Sekolah,Makassar,5,5,203,180,2,3900000000,2025-05-15 14:02:03.325116
Siap Huni,Makassar,4,4,203,180,2,3900000000,2025-05-15 14:02:03.325612
Siap Huni,Makassar,3,3,91,84,2,1200000000,2025-05-15 14:02:03.325983
Siap Huni,Makassar,4,4,82,72,2,988000000,2025-05-15 14:02:03.326366
Siap Huni,Makassar,4,3,82,72,2,989000000,2025-05-15 14:02:03.326729
Siap Huni,Makassar,3,2,67,60,2,786000000,2025-05-15 14:02:03.327087
Siap Huni,Makassar,4,3,72,82,2,988000000,2025-05-15 14:02:03.327433
Siap Huni,Makassar,4,3,82,72,0,988000000,2025-05-15 14:02:03.327767
Subsidi,Makassar,4,4,126,140,2,2650000000,2025-05-15 14:02:03.328104
Dekat Fasilitas Kesehatan,Makassar,2,2,65,71,2,1140000000,2025-05-15 14:02:03.328982
Dekat Sekolah,Makassar,5,6,240,230,2,5040000000,2025-05-15 14:02:03.329299
Dekat Akses Transportasi,Makassar,3,2,64,55,0,700000000,2025-05-15 14:02:03.329627
Rumah Cantik Gaya Jepang Dekat Pantai Halaman Asri,Makassar,4,4,198,162,0,3000000000,2025-05-15 14:02:03.330151
Siap Huni,Makassar,4,4,198,162,2,3000000000,2025-05-15 14:02:03.330478
Dijual Rumah Mewah Desain Kontemporer Jepang 2 Lantai,Makassar,4,4,198,162,2,3000000000,2025-05-15 14:02:03.330794
Full Furnished,Makassar,5,4,150,130,0,1500000000,2025-05-15 14:02:03.331112
Full Furnished,Makassar,4,2,96,228,0,1600000000,2025-05-15 14:02:03.331369
Siap Huni,Makassar,2,1,60,37,0,554000000,2025-05-15 14:02:03.331817
Dekat Akses Transportasi,Makassar,3,1,60,48,3,615000000,2025-05-15 14:02:05.702039
Dekat Akses Transportasi,Makassar,2,1,60,37,0,554000000,2025-05-15 14:02:05.702370
Siap Huni,Makassar,3,1,60,48,0,615000000,2025-05-15 14:02:05.702702
Siap Huni,Makassar,4,4,159,300,2,2000000000,2025-05-15 14:02:05.703032
Jual Rumah Cantik 1 Lt Jl.cendrawasih,Makassar,3,2,325,258,1,6000000000,2025-05-15 14:02:05.703631
Dekat Sekolah,Makassar,3,2,55,64,1,815000000,2025-05-15 14:02:05.705533
Siap Huni,Makassar,2,1,84,66,0,725000000,2025-05-15 14:02:05.707128
Dekat Sekolah,Makassar,4,3,180,219,1,3130000000,2025-05-15 14:02:05.707467
Dekat Pusat Perbelanjaan,Makassar,8,5,242,400,3,9000000000,2025-05-15 14:02:05.707808
Rumah Tua lokasi Strategis dalam kota Makassar,Makassar,4,3,694,900,0,25000000000,2025-05-15 14:02:05.708117
Bebas Banjir,Makassar,4,5,450,289,0,10300000000,2025-05-15 14:02:05.708427
Full Furnished,Makassar,4,5,294,230,0,7110000000,2025-05-15 14:02:08.106045
Dekat Sekolah,Makassar,4,3,234,222,1,3800000000,2025-05-15 14:02:08.106383
Bebas Banjir,Makassar,3,2,105,90,1,1600000000,2025-05-15 14:02:08.106733
RUMAH Nuansa Klasik Konteporer,Makassar,4,5,518,249,0,5500000000,2025-05-15 14:02:08.107055
Bebas Banjir,Makassar,3,2,105,90,1,1600000000,2025-05-15 14:02:08.107391
Rumah  komp PU Malengkeri Makassar,Makassar,5,3,238,238,1,900000000,2025-05-15 14:02:08.107718
Siap Huni,Makassar,4,3,135,162,1,2550000000,2025-05-15 14:02:08.108059
Bebas Banjir,Makassar,4,3,135,148,1,2420000000,2025-05-15 14:02:08.108395
Bebas Banjir,Makassar,3,3,120,120,1,2100000000,2025-05-15 14:02:08.108742
Dekat Akses Transportasi,Makassar,6,2,196,90,0,500000000,2025-05-15 14:02:08.109075
Bebas Banjir,Makassar,2,1,126,36,1,600000000,2025-05-15 14:02:08.109404
Bebas Banjir,Makassar,2,1,90,45,1,570000000,2025-05-15 14:02:08.109742
Bebas Banjir,Makassar,8,5,288,576,2,7000000000,2025-05-15 14:02:08.110071
Bebas Banjir,Makassar,2,1,105,45,1,750000000,2025-05-15 14:02:08.110397
Perumahan Royal Spring di Cluster Sakura Park Kota Makassar,Makassar,3,2,88,160,1,1500000000,2025-05-15 14:02:08.110721
Dekat Sekolah,Makassar,9,4,300,400,0,5850000000,2025-05-15 14:02:08.111042
Dekat Sekolah,Makassar,30,28,865,300,0,20000000000,2025-05-15 14:02:08.111382
Siap Huni,Makassar,3,2,87,143,1,2500000000,2025-05-15 14:02:08.111728
Siap Huni,Makassar,4,2,98,80,1,750000000,2025-05-15 14:02:08.112058
Bebas Banjir,Makassar,4,4,180,203,2,3920000000,2025-05-15 14:02:08.112399
Dekat Akses Transportasi,Makassar,3,2,72,73,1,907000000,2025-05-15 14:02:10.420313
Rumah Taman Masamba Bagus SHM di Makassar,Makassar,3,3,192,160,1,2200000000,2025-05-15 14:02:10.420575
Siap Huni,Makassar,4,3,120,150,2,1700000000,2025-05-15 14:02:10.420881
Full Furnished,Makassar,4,2,145,145,1,850000000,2025-05-15 14:02:10.421191
Dekat Akses Transportasi,Makassar,3,2,60,67,2,700000000,2025-05-15 14:02:10.421484
Siap Huni,Makassar,4,4,150,300,0,2500000000,2025-05-15 14:02:10.421763
Dekat Sekolah,Makassar,4,2,84,96,1,1300000000,2025-05-15 14:02:10.422075
Dekat Sekolah,Makassar,4,4,660,571,3,12600000000,2025-05-15 14:02:10.422898
Subsidi,Makassar,2,2,40,40,1,598000000,2025-05-15 14:02:10.423193
Bebas Banjir,Makassar,4,3,126,224,1,1100000000,2025-05-15 14:02:10.423487
Siap Huni,Makassar,4,3,82,72,2,988000000,2025-05-15 14:02:10.424059
Rumah Mewah Harga 3 M An Citraland Tallasa City,Makassar,4,4,180,203,2,3920000000,2025-05-15 14:02:10.424363
Dekat Sekolah,Makassar,4,3,120,120,2,3500000000,2025-05-15 14:02:10.424651
Dekat Sekolah,Makassar,4,4,120,120,2,5000000000,2025-05-15 14:02:10.424957
"Di Jual Rumah 2lt Jln Tinumbu 1 Ada 1 Gudang, Ada 2 Garasi Tdk Masuk Lor , Gang Bisa Masuk 2 Mobil",Makassar,5,2,81,54,0,900000000,2025-05-15 14:02:10.425495
Dekat Akses Transportasi,Makassar,2,1,60,37,0,554000000,2025-05-15 14:02:10.425769
Dekat Fasilitas Kesehatan,Makassar,2,2,90,61,2,1400000000,2025-05-15 14:02:12.724082
Siap Huni,Makassar,3,2,64,55,2,755000000,2025-05-15 14:02:12.724671
Siap Huni,Makassar,4,4,219,180,1,3000000000,2025-05-15 14:02:12.725004
Siap Huni,Makassar,4,2,145,152,1,1350000000,2025-05-15 14:02:12.725854
Siap Huni,Makassar,4,3,180,191,1,3250000000,2025-05-15 14:02:12.728127
Dijual Rumah Dikompleks Green City Sungai Saddang Baru,Makassar,4,2,105,158,1,3000000000,2025-05-15 14:02:12.728436
Rumah plus perabot bukit baruga Makassar,Makassar,5,3,250,375,2,5500000000,2025-05-15 14:02:12.728736
Bebas Banjir,Makassar,4,2,105,154,1,1800000000,2025-05-15 14:02:12.729048
Dekat Sekolah,Makassar,2,2,120,88,1,1000000000,2025-05-15 14:02:12.729347
Bebas Banjir,Makassar,3,2,126,54,2,1200000000,2025-05-15 14:02:12.729651
Bebas Banjir,Makassar,4,4,130,208,1,2000000000,2025-05-15 14:02:12.729966
Dekat Akses Transportasi,Makassar,3,3,144,171,2,3000000000,2025-05-15 14:02:15.014192
Siap Huni,Makassar,5,4,105,140,1,2150000000,2025-05-15 14:02:15.014542
Dekat Akses Transportasi,Makassar,3,2,60,67,0,786000000,2025-05-15 14:02:15.014864
Dekat Sekolah,Makassar,8,2,527,400,1,2600000000,2025-05-15 14:02:15.015194
Dekat Sekolah,Makassar,6,4,2430,2430,0,75000000000,2025-05-15 14:02:15.015460
DP 0%,Makassar,3,2,98,88,0,1200000000,2025-05-15 14:02:15.015768
Dekat Sekolah,Makassar,3,2,77,89,1,1200000000,2025-05-15 14:02:15.016098
Rumah Bagus SHM di Makassar,Makassar,3,3,105,154,2,1100000000,2025-05-15 14:02:15.016356
Rumah Bagus Shm Di Jl. Urip@sumaharjo 2 Makassar,Makassar,3,3,270,90,1,2500000000,2025-05-15 14:02:15.016614
"Rumah Bagus SHM di Jl. Ance Dg Ngoyo V, Masale, Kec. Panakkukang, Kota Makassar, Sulawesi Selatan, Makassar",Makassar,4,4,135,234,2,2300000000,2025-05-15 14:02:15.016861
Full Furnished,Makassar,2,2,72,53,1,850000000,2025-05-15 14:02:15.017111
Rumah Bagus Shm Di Taman Metropolitan Tanjung Bunga Makassar,Makassar,2,1,108,90,1,700000000,2025-05-15 14:02:15.017358
"Rumah Tengah Kota Bagus Shm Di Jl. Lure, Barana, Kec. Makassar, Kota Makassar, Sulawesi Selatan, Makassar",Makassar,5,2,82,50,1,1600000000,2025-05-15 14:02:15.017606
Rumah Bagus Shm Di Grand.orchard Makassar,Makassar,2,1,84,48,1,800000000,2025-05-15 14:02:15.017854
Rumah SHM di Makassar,Makassar,2,1,75,36,1,775000000,2025-05-15 14:02:15.018101
Full Furnished,Makassar,3,3,144,180,1,4000000000,2025-05-15 14:02:15.018381
Siap Huni,Makassar,5,5,200,250,2,6500000000,2025-05-15 14:02:15.018669
RUMAH DI KOMPLEK BUKIT BURUGA,Makassar,3,2,180,120,0,1600000000,2025-05-15 14:02:15.018957
Rumah Modern Harga Terjangkau Di Perintis Makassar,Makassar,3,1,78,50,1,555000000,2025-05-15 14:02:15.019254
Full Furnished,Makassar,4,3,105,170,2,1400000000,2025-05-15 14:02:17.322750
Dekat Fasilitas Kesehatan,Makassar,3,3,150,200,0,12500000000,2025-05-15 14:02:17.323028
Dekat Fasilitas Kesehatan,Makassar,3,3,150,350,0,12500000000,2025-05-15 14:02:17.323297
Siap Huni,Makassar,4,2,75,84,1,1200000000,2025-05-15 14:02:17.323620
Dekat Akses Transportasi,Makassar,4,2,75,84,0,1200000000,2025-05-15 14:02:17.323944
Dijual Rumah Cantik Smarthome System Barombong(kiki),Makassar,2,1,168,64,1,485000000,2025-05-15 14:02:17.324231
Rumah 1 Lantai Full.bangunan,Makassar,2,1,120,120,1,900000000,2025-05-15 14:02:17.324564
Bebas Banjir,Makassar,5,5,652,350,2,6000000000,2025-05-15 14:02:17.324887
"Dijual Rumah Makassar sekitar jl Veteran, jl Maccini, jl Kerung Kerung",Makassar,3,2,90,105,0,650000000,2025-05-15 14:02:17.325164
Dekat Pusat Perbelanjaan,Makassar,3,1,180,150,0,2000000000,2025-05-15 14:02:17.325480
Dekat Pusat Perbelanjaan,Makassar,3,1,180,150,0,2000000000,2025-05-15 14:02:17.325780
"JUAL Rumah cantik amaryllis Tanjung Bunga dkt ellysium , blossom 3 Kmr",Makassar,3,2,90,55,2,850000000,2025-05-15 14:02:17.326065
"Rumah Di Pusat Kota Makassar, Monginsidi Baru, Mewah Dan Berkelas",Makassar,4,3,120,153,2,3590000000,2025-05-15 14:02:17.326378
Dekat Sekolah,Makassar,3,2,105,85,2,1530000000,2025-05-15 14:02:17.326675
Dekat Tempat Ibadah,Makassar,3,3,108,68,1,1080000000,2025-05-15 14:02:17.326984
Dekat Sekolah,Makassar,4,3,180,219,1,3200000000,2025-05-15 14:02:17.327514
Rumah 2 Lantai Type Terbaru Desain Eropa Klasik di Makassar,Makassar,4,4,180,203,2,3900000000,2025-05-15 14:02:17.327827
"Rumah di Makassar Sekitar Jl Veteran, Jl Titang, Jl Bawakaraeng, Kerung Kerung
, Makassar",Makassar,2,2,140,140,1,1350000000,2025-05-15 14:02:17.328123
RUMAH MEWAH MURAH,Makassar,4,3,227,400,0,4000000000,2025-05-15 14:02:17.328441
Dekat Akses Transportasi,Makassar,4,4,219,180,2,2700000000,2025-05-15 14:02:19.633771
Dekat Akses Transportasi,Makassar,4,4,219,180,2,2700000000,2025-05-15 14:02:19.634127
Bebas Banjir,Makassar,4,4,219,180,0,2700000000,2025-05-15 14:02:19.635227
Dekat Sekolah,Makassar,4,4,198,162,2,3000000000,2025-05-15 14:02:19.635628
Dekat Akses Transportasi,Makassar,4,4,219,180,2,2700000000,2025-05-15 14:02:19.636036
Dijual Rumah Di Makassar 2 Lantai Di Perumahan Modern Estate,Makassar,3,2,50,55,2,776000000,2025-05-15 14:02:19.636378
Dijual Rumah 2 Lantai Lokasi Poros Hertasning Baru Cluster Cyoto,Makassar,2,2,40,40,1,631000000,2025-05-15 14:02:19.636714
Dijual Rumah 2 Lantai Di Makassar Bergaya Japandi Di Hertasning,Makassar,2,1,36,40,1,598000000,2025-05-15 14:02:19.637086
Dekat Akses Transportasi,Makassar,2,1,60,37,0,565000000,2025-05-15 14:02:19.637425
Dekat Tempat Ibadah,Makassar,4,3,96,80,0,1270000000,2025-05-15 14:02:19.637766
Dekat Akses Transportasi,Makassar,3,3,105,101,2,1630000000,2025-05-15 14:02:19.638141
Siap Huni,Makassar,4,4,180,203,2,3920000000,2025-05-15 14:02:19.638531
"Rumah Di Pusat Kota Makassar, Dekat Ke Mana-Mana.",Makassar,3,3,111,131,2,3110000000,2025-05-15 14:02:19.638913
"Rumah Mewah 2 Lantai, Pusat Kota Makassar",Makassar,3,3,105,139,2,3240000000,2025-05-15 14:02:19.639264
Rumah Cantik Pusat Bisnis Belanja Makassar Fasilitas Lengkap,Makassar,3,3,91,84,2,1200000000,2025-05-15 14:02:19.639595
Siap Huni,Makassar,4,4,192,180,2,3000000000,2025-05-15 14:02:19.639970
Jual Rumah Citraland Celebes Makassar Jl Hertasning Baru Full Bangunan,Makassar,5,3,128,240,1,2500000000,2025-05-15 14:02:19.640247
Jual Rumah Talasalapang 1 Mangasa Permai Dkt Alauddin Dan Pettarani,Makassar,2,1,120,70,1,850000000,2025-05-15 14:02:19.640540
Dekat Sekolah,Makassar,5,5,108,203,0,3920000000,2025-05-15 14:02:19.640920
Dekat Akses Transportasi,Makassar,3,2,64,55,2,777000000,2025-05-15 14:02:19.641277
Siap Huni,Makassar,4,4,203,180,2,3900000000,2025-05-15 14:02:21.933695
Siap Huni,Makassar,4,4,219,180,2,3000000000,2025-05-15 14:02:21.934072
Dekat Akses Transportasi,Makassar,3,2,64,55,2,777000000,2025-05-15 14:02:21.934422
Siap Huni,Makassar,4,4,192,180,2,3000000000,2025-05-15 14:02:21.934773
Dekat Akses Transportasi,Makassar,1,1,107,36,0,300000000,2025-05-15 14:02:21.935097
Siap Huni,Makassar,3,2,64,55,2,777000000,2025-05-15 14:02:21.935446
Siap Huni,Makassar,2,1,90,48,1,465000000,2025-05-15 14:02:21.935782
Siap Huni,Makassar,3,2,89,77,2,1430000000,2025-05-15 14:02:21.936111
Siap Huni,Makassar,3,2,67,60,2,778000000,2025-05-15 14:02:21.936420
Siap Huni,Makassar,4,4,198,162,0,3000000000,2025-05-15 14:02:21.937039
Siap Huni,Makassar,3,2,67,60,0,778000000,2025-05-15 14:02:21.937355
Siap Huni,Makassar,4,4,219,180,0,2700000000,2025-05-15 14:02:21.937672
Siap Huni,Makassar,3,2,64,55,0,755000000,2025-05-15 14:02:21.938002
Dekat Fasilitas Kesehatan,Makassar,4,3,91,95,0,900000000,2025-05-15 14:02:21.938295
Dekat Akses Transportasi,Makassar,2,1,60,37,1,554000000,2025-05-15 14:02:21.938591
Dekat Pusat Perbelanjaan,Makassar,7,7,346,500,0,16000000000,2025-05-15 14:02:21.938899
"Dijual Rumah Cantik 2 Lt Perum Raflexia ,tabjung Bunga Lt.8x18m2 Harga2,5m Nego",Makassar,3,2,144,125,0,2500000000,2025-05-15 14:02:21.939145
Siap Huni,Makassar,9,3,400,360,3,11000000000,2025-05-15 14:02:24.248357
Siap Huni,Makassar,2,1,81,47,1,720000000,2025-05-15 14:02:24.248656
Dekat Pusat Perbelanjaan,Makassar,4,3,144,210,0,3800000000,2025-05-15 14:02:24.249229
Dekat Sekolah,Makassar,4,3,234,222,1,3680000000,2025-05-15 14:02:24.249523
Dekat Sekolah,Makassar,4,3,162,198,1,2850000000,2025-05-15 14:02:24.249829
Bebas Banjir,Makassar,3,3,120,149,1,2310000000,2025-05-15 14:02:24.250143
Bebas Banjir,Makassar,4,3,135,148,1,2420000000,2025-05-15 14:02:24.250463
Siap Huni,Makassar,2,1,120,70,1,1480000000,2025-05-15 14:02:24.250781
Rumah Luas Dan Murah di Jln Monginsidi Kota Makassar,Makassar,5,5,800,500,0,25000000000,2025-05-15 14:02:24.251026
Bebas Banjir,Makassar,2,1,81,34,0,500000000,2025-05-15 14:02:24.251321
Bebas Banjir,Makassar,10,6,702,1404,1,14000000000,2025-05-15 14:02:24.251634
Rumah Jalan Andi Tonro Makassar,Makassar,5,3,150,150,0,950000000,2025-05-15 14:02:24.251927
Rumah Cantik 1 lantai,Makassar,4,4,312,240,0,4500000000,2025-05-15 14:02:24.252211
Dekat Fasilitas Kesehatan,Makassar,2,1,78,48,0,550000000,2025-05-15 14:02:24.252499
"Rumah Jl. Kalumpang 337 M2 Bentuk L 6KT 6KM,3 Lantai",Makassar,6,6,337,700,0,3000000000,2025-05-15 14:02:26.575633
Perumahan Yayasan Pegawai Kantor Gubernur  Paccerakkang Daya Makassar 8X15 Kmr Tdr 2 Kmr Mandi  2 WC T72 +Perabotan,Makassar,2,1,120,72,0,1000000000,2025-05-15 14:02:26.575993
Siap Huni,Makassar,5,2,144,144,0,1200000000,2025-05-15 14:02:26.576589
Siap Huni,Makassar,5,5,210,250,1,4200000000,2025-05-15 14:02:26.576912
Full Furnished,Makassar,4,5,169,144,0,4099999999,2025-05-15 14:02:26.577233
Dekat Akses Transportasi,Makassar,2,1,40,60,1,399000000,2025-05-15 14:02:26.577556
Bebas Banjir,Makassar,2,1,40,72,1,399000000,2025-05-15 14:02:26.577875
Dijual Rumah Cantik di Grand City Veteran Selatan,Makassar,6,5,200,600,1,8000000000,2025-05-15 14:02:26.578467
Rumah Shm Jl.kenanga Gowa,Makassar,1,1,195,120,1,700000000,2025-05-15 14:02:26.578721
Dekat Fasilitas Kesehatan,Makassar,3,2,100,170,0,1000000000,2025-05-15 14:02:26.578971
Subsidi,Makassar,3,2,91,50,1,550000000,2025-05-15 14:02:26.579283
Rumah Dijual Di Jl Mappanyukki (depan Hotel Melia) Makassar,Makassar,10,10,1250,1200,0,30000000000,2025-05-15 14:02:26.579572
Siap Huni,Makassar,3,2,72,216,0,1100000000,2025-05-15 14:02:26.579908
Rumah di Bukit Baruga Makasar,Makassar,6,2,600,400,0,6680000000,2025-05-15 14:02:26.580200
Rumah di Bukit Baruga Makasar,Makassar,6,2,600,400,0,6680000000,2025-05-15 14:02:26.580490
Bebas Banjir,Makassar,3,2,84,68,2,800000000,2025-05-15 14:02:26.580793
Rumah Jual Tengah Kota Jl Balana Makassar 2 Lantai Bagus Shm,Makassar,5,2,163,163,1,2000000000,2025-05-15 14:02:26.581109
Dekat Sekolah,Makassar,4,4,120,120,1,1600000000,2025-05-15 14:02:28.894679
Subsidi,Makassar,3,1,78,45,1,595000000,2025-05-15 14:02:28.895046
"Turun Harga Dijual Ruko Gagak 2 Unit Uk. 8 M X 23 M, 3,5 Lantai + Rooftopfasilitas Property :kt : 8. Km : 6 + 2 Bathtub Lt : 184 Lb : 428 Legalitas : Shm, Ac, Pam, Pln 2 X 10.000 Jalan Utama Rp. 5,9 M",Makassar,8,8,184,428,0,5300000000,2025-05-15 14:02:28.895378
Dekat Pusat Perbelanjaan,Makassar,4,3,90,120,0,1800000000,2025-05-15 14:02:28.895704
RUMAH GREEN DUMAIS VILLAGE BONTOTANGNGA PACINONGAN GOWA,Makassar,2,1,96,72,0,575000000,2025-05-15 14:02:28.896403
Siap Huni,Makassar,3,2,90,69,2,1540000000,2025-05-15 14:02:28.896895
Siap Huni,Makassar,2,1,39,107,1,828000000,2025-05-15 14:02:28.897254
Rumah 2 Lantai Baru Konsep Rumah Jepang,Makassar,4,3,240,312,2,4000000000,2025-05-15 14:02:28.897602
Jual Lelang Rumah Strategis Di Makassar Rumah,Makassar,5,4,105,160,1,1300000000,2025-05-15 14:02:28.897923
Siap Huni,Makassar,2,1,72,42,1,315000000,2025-05-15 14:02:28.898245
Siap Huni,Makassar,2,1,84,60,1,280000000,2025-05-15 14:02:28.898532
Rumah Murah Wilayah Makassar,Makassar,4,3,111,111,1,1370000000,2025-05-15 14:02:28.898847
Siap Huni,Makassar,2,3,90,90,1,950000000,2025-05-15 14:02:28.900257
Dekat Sekolah,Makassar,4,3,120,120,2,4000000000,2025-05-15 14:02:28.900578
Bebas Banjir,Makassar,4,3,150,164,1,3000000000,2025-05-15 14:02:28.900885
Siap Huni,Makassar,2,2,90,60,1,1500000000,2025-05-15 14:02:28.901207
Dekat Pusat Perbelanjaan,Makassar,4,3,8,15,2,1800000000,2025-05-15 14:02:31.213490
RUMAH EX PONDOK ISTANA MAKASAR,Makassar,9,4,375,200,0,3800000000,2025-05-15 14:02:31.213787
Dekat Tempat Ibadah,Makassar,2,2,150,65,1,1000000000,2025-05-15 14:02:31.214082
Siap Huni,Makassar,3,2,87,143,1,2500000000,2025-05-15 14:02:31.214355
Jual Rumah 3 Lt Di Tengah2 Kota,Makassar,5,5,254,476,2,3500000000,2025-05-15 14:02:31.214606
Dekat Tempat Ibadah,Makassar,5,5,252,235,2,4890000000,2025-05-15 14:02:31.214900
Dekat Tempat Ibadah,Makassar,5,5,180,203,2,3920000000,2025-05-15 14:02:31.215198
Dijual Rumah Baru Harga Terjangkau Di Makassar,Makassar,2,1,105,105,0,750000000,2025-05-15 14:02:31.215449
Rumah Mewah Konsep Bali Di Makassar,Makassar,4,4,162,158,2,3280000000,2025-05-15 14:02:31.215783
Rumah Elegant 2 Lantai Desain American Classic Di Makassar,Makassar,3,2,70,70,1,800000000,2025-05-15 14:02:31.216345
Bebas Banjir,Makassar,4,3,72,82,2,998000000,2025-05-15 14:02:31.216657
Dekat Sekolah,Makassar,4,3,240,261,2,6330000000,2025-05-15 14:02:31.216967
KPR,Makassar,3,3,105,90,2,1860000000,2025-05-15 14:02:31.217257
Bebas Banjir,Makassar,2,1,40,72,0,399000000,2025-05-15 14:02:31.217537
Dekat Akses Transportasi,Makassar,2,1,72,40,1,399000000,2025-05-15 14:02:31.217824
Subsidi,Makassar,3,3,120,91,0,1480000000,2025-05-15 14:02:31.218113
Rumah Tua Di Kota,Makassar,9,3,288,288,0,1300000000,2025-05-15 14:02:31.218396
Bebas Banjir,Makassar,2,2,40,40,1,427000000,2025-05-15 14:02:33.517705
Siap Huni,Makassar,3,3,120,140,1,1700000000,2025-05-15 14:02:33.518256
Rumah Sudut Taman Toraja Tanjung Bunga Dekat Dian Harapan,Makassar,2,1,108,45,1,600000000,2025-05-15 14:02:33.518522
Dekat Tempat Wisata,Makassar,1,2,165,100,1,1650000000,2025-05-15 14:02:33.518845
Dijual Rumah Mewah 2 Lantai Murah Aman Dan Nyaman,Makassar,9,7,560,284,0,3900000000,2025-05-15 14:02:33.519142
Siap Huni,Makassar,3,2,225,180,0,3750000000,2025-05-15 14:02:33.519725
RUMAH JALAN GAGAK,Makassar,6,2,166,117,0,4099999999,2025-05-15 14:02:33.520048
Siap Huni,Makassar,3,2,67,60,0,787000000,2025-05-15 14:02:33.520347
Siap Huni,Makassar,3,1,96,49,0,880000000,2025-05-15 14:02:33.520658
Siap Huni,Makassar,4,3,72,82,2,988000000,2025-05-15 14:02:33.520965
Dekat Akses Transportasi,Makassar,4,4,219,180,3,2700000000,2025-05-15 14:02:33.521268
Jual Rumah 2 Lt Type Blossom Tanjung Bunga,Makassar,3,2,190,125,1,2200000000,2025-05-15 14:02:33.521520
Jual Rumah 2 Lt Amarilys Tanjung Bunga 8x16m2,Makassar,3,2,135,105,2,1800000000,2025-05-15 14:02:33.521775
Dekat Sekolah,Makassar,3,3,120,120,0,1920000000,2025-05-15 14:02:33.522292
Dekat Sekolah,Makassar,3,2,55,64,0,800000000,2025-05-15 14:02:33.522984
Full Furnished,Makassar,14,16,600,1500,0,18000000000,2025-05-15 14:02:35.982269
Siap Huni,Makassar,2,1,84,40,1,525000000,2025-05-15 14:02:35.982593
Rumah Mewah Murah 2 Lantai Tengah Kota,Makassar,4,4,145,165,2,4500000000,2025-05-15 14:02:35.982910
Siap Huni,Makassar,3,3,90,120,2,1500000000,2025-05-15 14:02:35.983226
Dekat Sekolah,Makassar,11,5,150,330,0,2000000000,2025-05-15 14:02:35.983545
Subsidi,Makassar,3,3,98,78,2,658000000,2025-05-15 14:02:35.983886
Dekat Akses Transportasi,Makassar,3,2,144,162,1,2500000000,2025-05-15 14:02:35.984218
Dekat Akses Transportasi,Makassar,3,2,60,67,1,749000000,2025-05-15 14:02:35.984528
Dekat Sekolah,Makassar,4,3,162,198,1,2850000000,2025-05-15 14:02:35.984852
Dekat Pusat Perbelanjaan,Makassar,5,3,220,200,0,3250000000,2025-05-15 14:02:35.985173
Siap Huni,Makassar,4,3,220,440,2,2000000000,2025-05-15 14:02:35.985468
Bebas Banjir,Makassar,2,2,90,61,1,1240000000,2025-05-15 14:02:35.985809
Bebas Banjir,Makassar,3,3,109,107,1,1910000000,2025-05-15 14:02:35.986161
Bebas Banjir,Makassar,3,2,105,90,1,1490000000,2025-05-15 14:02:35.986503
Dekat Sekolah,Makassar,4,4,162,198,1,2850000000,2025-05-15 14:02:35.986839
Siap Huni,Makassar,2,1,66,36,1,772000000,2025-05-15 14:02:35.987174
Bebas Banjir,Makassar,3,3,120,120,1,2100000000,2025-05-15 14:02:35.987508
Dekat Sekolah,Makassar,4,5,240,230,2,5040000000,2025-05-15 14:02:35.987838
Bebas Banjir,Makassar,2,1,96,102,1,650000000,2025-05-15 14:02:38.286538
Bebas Banjir,Makassar,2,2,300,300,1,850000000,2025-05-15 14:02:38.286904
Rumah  Samata Makassar,Makassar,2,1,96,36,1,350000000,2025-05-15 14:02:38.287243
Dekat Sekolah,Makassar,3,2,102,190,1,1500000000,2025-05-15 14:02:38.287579
Rumah Rafflesia,Makassar,4,2,162,188,1,3000000000,2025-05-15 14:02:38.287921
Dekat Sekolah,Makassar,5,4,360,700,0,4500000000,2025-05-15 14:02:38.288247
Dekat Pusat Perbelanjaan,Makassar,5,4,250,450,0,7000000000,2025-05-15 14:02:38.288584
Bebas Banjir,Makassar,5,3,265,400,0,950000000,2025-05-15 14:02:38.288935
"Rmh Royal Spring, Jl. Aeroepala LT 144 8x18, LB 114  2 lantai, 4 KT, 3 KM Rumah Baru",Makassar,4,3,144,114,0,1400000000,2025-05-15 14:02:38.289252
"Rmh Di Jalan. Beruang Makassar Sulawesi Selatan 6kmr Tdr 5 Kmr Mnd Rumah 2 Lt, Ukuran Lebar Dpn 16 Lebar Belakang 17,besar Belakang, Panjang 15",Makassar,6,5,240,400,0,4500000000,2025-05-15 14:02:38.289573
Dekat Pusat Perbelanjaan,Makassar,4,2,144,112,0,2400000000,2025-05-15 14:02:38.289919
Dekat Sekolah,Makassar,4,4,1225,500,0,45000000000,2025-05-15 14:02:38.290250
Rumah Singa Makassar Shm 11x 32 M,Makassar,4,4,325,1000,0,6700000,2025-05-15 14:02:38.290820
Siap Huni,Makassar,3,2,98,77,1,1700,2025-05-15 14:02:38.291156
Full Furnished,Makassar,5,5,180,234,1,2400000,2025-05-15 14:02:38.291499
Dekat Sekolah,Makassar,3,4,112,172,2,1200000,2025-05-15 14:02:38.291834
